Attributes,Adj Close,Close,High,Low,Open,Volume
Symbols,ARASE.IS,ARASE.IS,ARASE.IS,ARASE.IS,ARASE.IS,ARASE.IS
Date,,,,,,
2022-07-29,93.30000305175781,93.30000305175781,94.19999694824219,92.30000305175781,92.69999694824219,166623
