Attributes,Adj Close,Close,High,Low,Open,Volume
Symbols,BASGZ.IS,BASGZ.IS,BASGZ.IS,BASGZ.IS,BASGZ.IS,BASGZ.IS
Date,,,,,,
2022-07-29,15.720000267028809,15.720000267028809,16.100000381469727,15.649999618530273,15.9399995803833,7581617.0
