Attributes,Adj Close,Close,High,Low,Open,Volume
Symbols,BIOEN.IS,BIOEN.IS,BIOEN.IS,BIOEN.IS,BIOEN.IS,BIOEN.IS
Date,,,,,,
2022-07-29,8.739999771118164,8.739999771118164,8.890000343322754,8.430000305175781,8.430000305175781,8400717.0
