Attributes,Adj Close,Close,High,Low,Open,Volume
Symbols,CONSE.IS,CONSE.IS,CONSE.IS,CONSE.IS,CONSE.IS,CONSE.IS
Date,,,,,,
2022-07-29,3.680000066757202,3.680000066757202,3.7200000286102295,3.680000066757202,3.7100000381469727,5042718
