Attributes,Adj Close,Close,High,Low,Open,Volume
Symbols,ELITE.IS,ELITE.IS,ELITE.IS,ELITE.IS,ELITE.IS,ELITE.IS
Date,,,,,,
2022-07-29,19.049999237060547,19.049999237060547,19.59000015258789,18.959999084472656,19.200000762939453,798666.0
