Attributes,Adj Close,Close,High,Low,Open,Volume
Symbols,ERCB.IS,ERCB.IS,ERCB.IS,ERCB.IS,ERCB.IS,ERCB.IS
Date,,,,,,
2022-07-29,34.560001373291016,34.560001373291016,34.97999954223633,34.34000015258789,34.34000015258789,175117
