Attributes,Adj Close,Close,High,Low,Open,Volume
Symbols,ESEN.IS,ESEN.IS,ESEN.IS,ESEN.IS,ESEN.IS,ESEN.IS
Date,,,,,,
2022-07-29,34.41999816894531,34.41999816894531,34.91999816894531,34.380001068115234,34.58000183105469,1238698.0
