Attributes,Adj Close,Close,High,Low,Open,Volume
Symbols,GENIL.IS,GENIL.IS,GENIL.IS,GENIL.IS,GENIL.IS,GENIL.IS
Date,,,,,,
2022-07-29,21.18000030517578,21.18000030517578,21.399999618530273,20.739999771118164,21.399999618530273,1056448.0
