Attributes,Adj Close,Close,High,Low,Open,Volume
Symbols,ISSEN.IS,ISSEN.IS,ISSEN.IS,ISSEN.IS,ISSEN.IS,ISSEN.IS
Date,,,,,,
2022-07-29,31.079999923706055,31.079999923706055,31.540000915527344,30.899999618530273,31.200000762939453,712291.0
