Attributes,Adj Close,Close,High,Low,Open,Volume
Symbols,KRVGD.IS,KRVGD.IS,KRVGD.IS,KRVGD.IS,KRVGD.IS,KRVGD.IS
Date,,,,,,
2022-07-29,10.1899995803833,10.1899995803833,10.260000228881836,10.130000114440918,10.170000076293945,2056198.0
