Attributes,Adj Close,Close,High,Low,Open,Volume
Symbols,LIDER.IS,LIDER.IS,LIDER.IS,LIDER.IS,LIDER.IS,LIDER.IS
Date,,,,,,
2022-07-29,24.100000381469727,24.100000381469727,24.219999313354492,23.15999984741211,23.399999618530273,1989879
