Attributes,Adj Close,Close,High,Low,Open,Volume
Symbols,MOBTL.IS,MOBTL.IS,MOBTL.IS,MOBTL.IS,MOBTL.IS,MOBTL.IS
Date,,,,,,
2022-07-29,1.7599999904632568,1.7599999904632568,1.7599999904632568,1.7400000095367432,1.7599999904632568,29480843
