Attributes,Adj Close,Close,High,Low,Open,Volume
Symbols,OYYAT.IS,OYYAT.IS,OYYAT.IS,OYYAT.IS,OYYAT.IS,OYYAT.IS
Date,,,,,,
2022-07-29,24.760000228881836,24.760000228881836,24.940000534057617,24.040000915527344,24.399999618530273,221455
