Attributes,Adj Close,Close,High,Low,Open,Volume
Symbols,PSGYO.IS,PSGYO.IS,PSGYO.IS,PSGYO.IS,PSGYO.IS,PSGYO.IS
Date,,,,,,
2022-07-29,3.0799999237060547,3.0799999237060547,3.2699999809265137,3.009999990463257,3.2200000286102295,68027403
