Attributes,Adj Close,Close,High,Low,Open,Volume
Symbols,SMRTG.IS,SMRTG.IS,SMRTG.IS,SMRTG.IS,SMRTG.IS,SMRTG.IS
Date,,,,,,
2022-07-29,33.540000915527344,33.540000915527344,33.68000030517578,30.979999542236328,31.31999969482422,7063039
