Attributes,Adj Close,Close,High,Low,Open,Volume
Symbols,TEZOL.IS,TEZOL.IS,TEZOL.IS,TEZOL.IS,TEZOL.IS,TEZOL.IS
Date,,,,,,
2022-07-29,9.529999732971191,9.529999732971191,9.779999732971191,9.510000228881836,9.550000190734863,3485954.0
