Attributes,Adj Close,Close,High,Low,Open,Volume
Symbols,TRILC.IS,TRILC.IS,TRILC.IS,TRILC.IS,TRILC.IS,TRILC.IS
Date,,,,,,
2022-07-29,9.8100004196167,9.8100004196167,10.119999885559082,9.65999984741211,9.850000381469727,15879753.0
