Attributes,Adj Close,Close,High,Low,Open,Volume
Symbols,TUREX.IS,TUREX.IS,TUREX.IS,TUREX.IS,TUREX.IS,TUREX.IS
Date,,,,,,
2022-07-29,11.729999542236328,11.729999542236328,12.100000381469727,11.6899995803833,11.880000114440918,1029643
