Attributes,Adj Close,Close,High,Low,Open,Volume
Symbols,ZRGYO.IS,ZRGYO.IS,ZRGYO.IS,ZRGYO.IS,ZRGYO.IS,ZRGYO.IS
Date,,,,,,
2022-07-29,3.119999885559082,3.119999885559082,3.1600000858306885,3.109999895095825,3.140000104904175,1841552
